CVEGEO,distrito,area_km2,centroid_lat,centroid_lon
2501200010321,Centro Histórico,0.3237,23.210167,-106.419285
2501200010336,Centro Histórico,0.3025,23.211588,-106.41458
2501200010355,Centro Histórico,0.4502,23.206717,-106.424831
250120001036A,Centro Histórico,0.3731,23.206577,-106.415417
2501200010389,Centro Histórico,0.4482,23.200814,-106.427067
2501200010393,Centro Histórico,0.2362,23.203127,-106.4213
2501200010406,Centro Histórico,0.2508,23.200719,-106.420101
2501200010425,Centro Histórico,1.1616,23.187564,-106.424479
2501200011495,Centro Histórico,0.2959,23.197305,-106.420156
2501200011067,Cerritos,7.5431,23.296056,-106.473147
2501200012192,Cerritos,2.5054,23.2738,-106.455072
2501200013881,Cerritos,0.6674,23.28832,-106.452969
2501200013966,Cerritos,1.1058,23.283858,-106.457582
2501200010904,Conchi - Libramiento,0.0883,23.248445,-106.387388
2501200010919,Conchi - Libramiento,0.1164,23.24934,-106.388846
2501200011404,Conchi - Libramiento,0.3423,23.258264,-106.405748
2501200011781,Conchi - Libramiento,0.5739,23.254915,-106.397687
2501200011796,Conchi - Libramiento,0.1779,23.251299,-106.391341
2501200011955,Conchi - Libramiento,0.3761,23.269319,-106.413623
2501200011989,Conchi - Libramiento,0.2854,23.259205,-106.400188
2501200012050,Conchi - Libramiento,0.2998,23.278844,-106.405219
2501200012065,Conchi - Libramiento,0.2904,23.272618,-106.405594
2501200012084,Conchi - Libramiento,0.2493,23.274111,-106.410855
2501200012099,Conchi - Libramiento,0.1985,23.265394,-106.397203
2501200012101,Conchi - Libramiento,0.2271,23.261027,-106.394823
2501200012169,Conchi - Libramiento,0.4461,23.269491,-106.400874
2501200012205,Conchi - Libramiento,0.2212,23.260223,-106.385095
250120001221A,Conchi - Libramiento,0.3204,23.254151,-106.385899
2501200012224,Conchi - Libramiento,0.2737,23.26271,-106.390414
2501200012417,Conchi - Libramiento,0.1976,23.257898,-106.390063
2501200012544,Conchi - Libramiento,0.1854,23.268723,-106.407499
2501200012559,Conchi - Libramiento,0.3493,23.264133,-106.405235
2501200012563,Conchi - Libramiento,0.247,23.262346,-106.400908
2501200012597,Conchi - Libramiento,0.199,23.257789,-106.385386
2501200012633,Conchi - Libramiento,0.3285,23.278136,-106.410986
2501200012690,Conchi - Libramiento,0.0368,23.268295,-106.397734
2501200012703,Conchi - Libramiento,0.2068,23.25422,-106.39183
2501200012879,Conchi - Libramiento,0.5245,23.247594,-106.393258
250120001292A,Conchi - Libramiento,0.2921,23.264175,-106.41045
2501200012934,Conchi - Libramiento,0.1322,23.268584,-106.410147
2501200013097,Conchi - Libramiento,0.164,23.265265,-106.392551
2501200010463,Desarrollos Noroeste,0.2307,23.293444,-106.417483
2501200010482,Desarrollos Noroeste,0.0947,23.295636,-106.429613
2501200010497,Desarrollos Noroeste,0.2812,23.299091,-106.4354
250120001050A,Desarrollos Noroeste,0.1206,23.316161,-106.423852
2501200010529,Desarrollos Noroeste,0.0481,23.282352,-106.443635
2501200010571,Desarrollos Noroeste,0.0753,23.299659,-106.42935
2501200010586,Desarrollos Noroeste,0.0381,23.294775,-106.43945
2501200012648,Desarrollos Noroeste,0.7461,23.284996,-106.41308
2501200013025,Desarrollos Noroeste,0.2961,23.278654,-106.428907
250120001303A,Desarrollos Noroeste,0.1923,23.276793,-106.433505
250120001328A,Desarrollos Noroeste,0.3458,23.284529,-106.432361
2501200013294,Desarrollos Noroeste,0.1575,23.278347,-106.437913
2501200013487,Desarrollos Noroeste,0.0094,23.277533,-106.43402
2501200013491,Desarrollos Noroeste,0.1928,23.284121,-106.428057
2501200013504,Desarrollos Noroeste,0.044,23.28551,-106.421419
2501200013699,Desarrollos Noroeste,0.1068,23.279323,-106.43367
2501200013701,Desarrollos Noroeste,0.0638,23.288424,-106.42982
2501200013716,Desarrollos Noroeste,0.1905,23.285477,-106.425551
2501200013720,Desarrollos Noroeste,0.0704,23.285611,-106.422472
250120001374A,Desarrollos Noroeste,0.006,23.284579,-106.420581
2501200013970,Desarrollos Noroeste,0.0567,23.287899,-106.432382
2501200014038,Desarrollos Noroeste,0.0128,23.283937,-106.420443
2501200014042,Desarrollos Noroeste,0.0665,23.288994,-106.422196
2501200014057,Desarrollos Noroeste,0.0089,23.286572,-106.423584
2501200014076,Desarrollos Noroeste,0.0999,23.289274,-106.426957
2501200014216,Desarrollos Noroeste,0.1376,23.29036,-106.424031
2501200014288,Desarrollos Noroeste,0.2262,23.291063,-106.419198
2501200014343,Desarrollos Noroeste,0.1668,23.293784,-106.422606
2501200015820,Desarrollos Noroeste,0.0384,23.285922,-106.417426
2501200010478,Expansión Norte,0.2554,23.284207,-106.377052
2501200010514,Expansión Norte,0.0655,23.292939,-106.390502
2501200012031,Expansión Norte,0.3265,23.26271,-106.38235
2501200012135,Expansión Norte,0.313,23.284426,-106.396282
250120001214A,Expansión Norte,0.2972,23.281995,-106.401257
2501200012154,Expansión Norte,0.289,23.275888,-106.401526
2501200012173,Expansión Norte,0.1441,23.280125,-106.397436
2501200012188,Expansión Norte,0.2687,23.283238,-106.406816
2501200012239,Expansión Norte,0.0161,23.265081,-106.384327
250120001239A,Expansión Norte,0.0186,23.28494,-106.392868
2501200012582,Expansión Norte,0.0156,23.264879,-106.379974
2501200012652,Expansión Norte,0.0706,23.286113,-106.406292
2501200012667,Expansión Norte,0.3004,23.288494,-106.390545
2501200012686,Expansión Norte,0.2751,23.279526,-106.393683
2501200012718,Expansión Norte,0.2291,23.266108,-106.379722
2501200012807,Expansión Norte,0.0629,23.267987,-106.375772
2501200012811,Expansión Norte,0.1167,23.265859,-106.387389
2501200012968,Expansión Norte,0.1317,23.287718,-106.398081
2501200012972,Expansión Norte,0.2399,23.27212,-106.388478
2501200012987,Expansión Norte,0.191,23.26904,-106.389877
2501200012991,Expansión Norte,0.124,23.267285,-106.384358
2501200013059,Expansión Norte,0.0243,23.28863,-106.398584
2501200013063,Expansión Norte,0.0467,23.289021,-106.395441
2501200013078,Expansión Norte,0.0072,23.277513,-106.391706
2501200013082,Expansión Norte,0.0055,23.272269,-106.398369
2501200013114,Expansión Norte,0.3036,23.270033,-106.383487
2501200013129,Expansión Norte,0.1061,23.269393,-106.378825
2501200013152,Expansión Norte,0.0033,23.268504,-106.374341
2501200013307,Expansión Norte,0.2135,23.270036,-106.374613
2501200013311,Expansión Norte,0.1508,23.274752,-106.398506
2501200013326,Expansión Norte,0.0099,23.277241,-106.395554
2501200013449,Expansión Norte,0.1972,23.27436,-106.376267
2501200013453,Expansión Norte,0.4133,23.270744,-106.394467
2501200013519,Expansión Norte,0.0552,23.284998,-106.391815
2501200013523,Expansión Norte,0.1707,23.282922,-106.387036
2501200013538,Expansión Norte,0.2656,23.282855,-106.382658
2501200013542,Expansión Norte,0.0921,23.27498,-106.389078
2501200013557,Expansión Norte,0.0289,23.274631,-106.395761
2501200013561,Expansión Norte,0.1962,23.277333,-106.3787
2501200013576,Expansión Norte,0.0202,23.27573,-106.37445
2501200013580,Expansión Norte,0.1149,23.27145,-106.372385
2501200013595,Expansión Norte,0.1664,23.269619,-106.368604
250120001367A,Expansión Norte,0.0909,23.284277,-106.389273
2501200013684,Expansión Norte,0.0482,23.274281,-106.390775
2501200013735,Expansión Norte,0.1747,23.287185,-106.401795
2501200013769,Expansión Norte,0.0054,23.280159,-106.391809
2501200013773,Expansión Norte,0.2144,23.279643,-106.389765
2501200013788,Expansión Norte,0.0064,23.272423,-106.379342
2501200013792,Expansión Norte,0.1805,23.274709,-106.370084
2501200013877,Expansión Norte,0.0201,23.275894,-106.388486
2501200013928,Expansión Norte,0.0081,23.281426,-106.385351
2501200013985,Expansión Norte,0.1098,23.276911,-106.372252
2501200014004,Expansión Norte,0.0144,23.28131,-106.388294
2501200014019,Expansión Norte,0.0019,23.28041,-106.386435
2501200014023,Expansión Norte,0.0293,23.280778,-106.383021
2501200014080,Expansión Norte,0.005,23.277074,-106.396375
2501200014095,Expansión Norte,0.0063,23.277175,-106.397436
2501200014201,Expansión Norte,0.0175,23.276227,-106.387691
2501200014220,Expansión Norte,0.0557,23.278081,-106.373058
250120001424A,Expansión Norte,0.0055,23.278561,-106.374326
2501200014254,Expansión Norte,0.0233,23.294877,-106.384868
2501200014273,Expansión Norte,0.2627,23.278355,-106.366614
2501200014305,Expansión Norte,0.2281,23.273198,-106.363968
250120001431A,Expansión Norte,0.1455,23.296132,-106.38253
2501200010891,Flores Magón,0.226,23.252162,-106.3776
2501200011300,Flores Magón,0.1165,23.254128,-106.376169
2501200011546,Flores Magón,0.2083,23.243153,-106.387459
2501200011550,Flores Magón,0.1716,23.241288,-106.384082
2501200011584,Flores Magón,0.3306,23.244231,-106.379146
2501200011599,Flores Magón,0.2508,23.246015,-106.384301
2501200011620,Flores Magón,0.2064,23.252051,-106.381483
2501200011635,Flores Magón,0.2428,23.248979,-106.381951
2501200011885,Flores Magón,0.2418,23.238489,-106.388153
2501200012347,Flores Magón,0.276,23.248999,-106.370823
2501200012351,Flores Magón,0.4724,23.246934,-106.373928
250120001253A,Flores Magón,0.4989,23.255108,-106.369495
2501200012722,Flores Magón,0.507,23.263403,-106.367838
2501200012900,Flores Magón,0.491,23.26328,-106.37325
2501200013133,Flores Magón,0.4382,23.259394,-106.376562
2501200013148,Flores Magón,0.2342,23.25608,-106.377329
2501200013345,Flores Magón,0.0059,23.247183,-106.367532
2501200013754,Flores Magón,0.004,23.246765,-106.367337
2501200014339,Flores Magón,0.1137,23.265483,-106.364687
2501200011512,Jabalíes - Zapata,0.4467,23.252253,-106.407854
2501200011527,Jabalíes - Zapata,0.2481,23.250582,-106.402373
2501200011531,Jabalíes - Zapata,0.2583,23.247775,-106.405512
2501200011673,Jabalíes - Zapata,0.7597,23.259218,-106.414615
2501200011688,Jabalíes - Zapata,0.1432,23.256571,-106.410793
2501200011692,Jabalíes - Zapata,0.2029,23.254498,-106.410247
2501200011921,Jabalíes - Zapata,0.3307,23.235761,-106.391305
2501200012883,Jabalíes - Zapata,0.2859,23.246592,-106.39903
2501200012898,Jabalíes - Zapata,0.9815,23.241411,-106.397007
250120001004A,Juárez - Villa Galaxia,0.2302,23.245019,-106.410905
2501200010069,Juárez - Villa Galaxia,0.3729,23.242501,-106.417126
2501200010073,Juárez - Villa Galaxia,0.1431,23.241854,-106.409564
2501200010088,Juárez - Villa Galaxia,0.3595,23.242445,-106.405201
2501200010092,Juárez - Villa Galaxia,0.6711,23.237173,-106.416752
2501200010105,Juárez - Villa Galaxia,0.1649,23.23858,-106.404137
250120001011A,Juárez - Villa Galaxia,0.2377,23.235261,-106.399371
2501200010124,Juárez - Villa Galaxia,0.1165,23.239126,-106.410217
2501200010139,Juárez - Villa Galaxia,0.0994,23.237175,-106.404856
2501200010162,Juárez - Villa Galaxia,0.1435,23.235894,-106.405715
2501200010177,Juárez - Villa Galaxia,0.3413,23.231804,-106.398421
2501200010181,Juárez - Villa Galaxia,0.1356,23.234258,-106.406252
2501200010228,Juárez - Villa Galaxia,0.4154,23.232972,-106.419414
2501200010232,Juárez - Villa Galaxia,0.2194,23.231489,-106.406614
2501200010247,Juárez - Villa Galaxia,0.1574,23.229808,-106.402909
2501200010251,Juárez - Villa Galaxia,0.1937,23.227603,-106.408016
2501200010266,Juárez - Villa Galaxia,0.4875,23.225162,-106.40331
2501200010302,Juárez - Villa Galaxia,0.2834,23.218846,-106.415886
2501200010317,Juárez - Villa Galaxia,0.2684,23.219069,-106.412899
2501200010938,Juárez - Villa Galaxia,0.2545,23.247836,-106.413704
2501200011245,Juárez - Villa Galaxia,0.1691,23.240745,-106.413791
2501200011601,Juárez - Villa Galaxia,0.1547,23.233259,-106.411579
2501200011616,Juárez - Villa Galaxia,0.1855,23.230579,-106.41203
2501200012949,Juárez - Villa Galaxia,0.3973,23.226819,-106.41645
2501200012953,Juárez - Villa Galaxia,0.8388,23.222859,-106.410225
250120001029A,Malecón,0.5153,23.217786,-106.419987
2501200011480,Malecón,0.5069,23.224798,-106.421429
2501200011758,Malecón,0.6283,23.245744,-106.438533
2501200011866,Malecón,0.7733,23.233574,-106.427402
2501200011870,Malecón,1.3632,23.234274,-106.434557
2501200010035,Prados - Mateos,0.4445,23.247694,-106.42918
2501200010054,Prados - Mateos,0.2729,23.242459,-106.427007
2501200010745,Prados - Mateos,0.3375,23.255856,-106.430222
2501200010976,Prados - Mateos,0.3438,23.256089,-106.435522
2501200011724,Prados - Mateos,0.1554,23.247043,-106.425017
2501200011739,Prados - Mateos,0.6593,23.247408,-106.419977
2501200011743,Prados - Mateos,0.1851,23.252913,-106.416414
2501200011762,Prados - Mateos,0.3282,23.242811,-106.433318
2501200011777,Prados - Mateos,0.3304,23.250133,-106.433122
2501200011809,Prados - Mateos,0.1782,23.259932,-106.434199
2501200011813,Prados - Mateos,0.1581,23.260905,-106.42981
2501200011828,Prados - Mateos,0.2493,23.238962,-106.42747
2501200011832,Prados - Mateos,0.1262,23.238483,-106.423852
2501200011940,Prados - Mateos,0.0657,23.254371,-106.424719
2501200011993,Prados - Mateos,0.2976,23.251506,-106.424518
2501200012012,Prados - Mateos,0.6731,23.262119,-106.439278
2501200012046,Prados - Mateos,0.3413,23.266027,-106.418905
2501200012629,Prados - Mateos,0.2316,23.27159,-106.417648
2501200012830,Prados - Mateos,0.3047,23.265904,-106.424868
2501200012845,Prados - Mateos,0.4326,23.263782,-106.428266
250120001285A,Prados - Mateos,0.2455,23.272199,-106.427294
2501200012864,Prados - Mateos,0.1582,23.269636,-106.428918
2501200013044,Prados - Mateos,0.0361,23.269481,-106.431381
250120001310A,Prados - Mateos,0.26,23.273838,-106.432053
2501200013415,Prados - Mateos,0.2727,23.25794,-106.425241
250120001342A,Prados - Mateos,0.5411,23.257586,-106.420826
250120001399A,Prados - Mateos,1.1655,23.274652,-106.421267
2501200010196,Puerto - Industria,0.3577,23.22914,-106.39495
2501200010340,Puerto - Industria,0.4739,23.211458,-106.40969
2501200010374,Puerto - Industria,0.2879,23.20192,-106.414139
250120001043A,Puerto - Industria,0.0974,23.192083,-106.345489
2501200010533,Puerto - Industria,0.2562,23.191324,-106.332077
2501200010548,Puerto - Industria,0.2781,23.189123,-106.326918
2501200010552,Puerto - Industria,0.1338,23.186617,-106.331122
2501200010567,Puerto - Industria,0.186,23.1859,-106.324799
2501200010849,Puerto - Industria,1.4269,23.19516,-106.359448
2501200011353,Puerto - Industria,0.128,23.221151,-106.384698
2501200011508,Puerto - Industria,0.6411,23.194392,-106.416755
250120001164A,Puerto - Industria,0.3422,23.222432,-106.400331
2501200011654,Puerto - Industria,0.34,23.216087,-106.404791
2501200011669,Puerto - Industria,1.0372,23.215973,-106.395416
2501200011705,Puerto - Industria,0.2015,23.227426,-106.391247
250120001171A,Puerto - Industria,0.1768,23.22435,-106.391358
250120001189A,Puerto - Industria,0.5954,23.216512,-106.380615
2501200011902,Puerto - Industria,0.3516,23.22088,-106.378625
2501200011917,Puerto - Industria,0.3886,23.22761,-106.387706
2501200012027,Puerto - Industria,0.2109,23.222687,-106.392794
2501200012281,Puerto - Industria,0.1437,23.202747,-106.36281
2501200012296,Puerto - Industria,0.0643,23.20678,-106.364876
2501200012309,Puerto - Industria,0.0497,23.206171,-106.366217
2501200012313,Puerto - Industria,0.5328,23.212343,-106.372386
2501200011391,Urías,0.2872,23.233756,-106.379476
2501200011565,Urías,0.6527,23.212499,-106.36767
2501200011851,Urías,0.7986,23.235557,-106.383595
2501200011936,Urías,0.622,23.225732,-106.380209
2501200012258,Urías,0.024,23.241047,-106.379339
2501200012262,Urías,0.0829,23.238207,-106.374859
2501200012277,Urías,0.0472,23.222273,-106.37245
2501200012421,Urías,0.2956,23.228009,-106.375687
2501200012436,Urías,0.3122,23.223841,-106.370016
2501200012440,Urías,0.0549,23.218799,-106.370866
2501200012578,Urías,0.0035,23.24175,-106.378485
2501200012737,Urías,0.1212,23.220435,-106.368997
2501200013171,Urías,0.0826,23.243769,-106.366946
2501200013186,Urías,0.1249,23.241682,-106.370368
2501200013190,Urías,0.0218,23.23791,-106.373533
2501200013218,Urías,0.2962,23.229483,-106.37038
2501200013222,Urías,0.1308,23.231238,-106.372787
250120001335A,Urías,0.1317,23.241249,-106.367122
2501200013364,Urías,0.0113,23.235848,-106.37313
2501200013379,Urías,0.109,23.227251,-106.368054
2501200013383,Urías,0.0562,23.201022,-106.359564
2501200013398,Urías,0.0093,23.210773,-106.364744
2501200013608,Urías,0.0394,23.245674,-106.36604
2501200013612,Urías,0.0489,23.243025,-106.372743
2501200013627,Urías,0.0347,23.236921,-106.363394
2501200013631,Urías,0.1534,23.21708,-106.367596
2501200013646,Urías,0.0121,23.230518,-106.36727
2501200013650,Urías,0.0178,23.237166,-106.361728
2501200013665,Urías,0.0098,23.236062,-106.362683
2501200013805,Urías,0.1522,23.237767,-106.370486
250120001381A,Urías,0.0101,23.236576,-106.372993
2501200013824,Urías,0.0093,23.234044,-106.378671
2501200013839,Urías,0.004,23.231831,-106.374541
2501200013843,Urías,0.0045,23.233724,-106.372108
2501200013858,Urías,0.0971,23.234841,-106.367989
2501200013862,Urías,0.0382,23.238155,-106.362767
2501200013896,Urías,0.0061,23.230242,-106.366679
2501200013932,Urías,0.0211,23.22342,-106.365836
2501200014127,Urías,0.0182,23.231511,-106.366483
2501200014131,Urías,0.0025,23.219836,-106.365939
2501200014146,Urías,0.0228,23.239942,-106.378466
2501200014150,Urías,0.0085,23.229941,-106.377815
2501200014165,Urías,0.0552,23.228083,-106.366569
2501200014269,Urías,0.0898,23.240523,-106.363815
2501200014292,Urías,0.0624,23.230541,-106.365235
250120001075A,Zona Dorada,1.4338,23.259487,-106.459391
2501200011457,Zona Dorada,0.6031,23.246644,-106.448658
2501200011461,Zona Dorada,0.6857,23.243063,-106.445517
2501200012506,Zona Dorada,0.977,23.252017,-106.451279
2501200012510,Zona Dorada,1.0479,23.255011,-106.44311
250120001260A,Zona Dorada,0.0732,23.260281,-106.450623
2501200013275,Zona Dorada,1.605,23.266294,-106.450214
