CVEGEO,AGEB,district,establishments,area_km2,est_per_km2,scian_classes,micro_0_10_pct,large_31_plus_pct,top_sector_code,top_sector_name,top_sector_count,top_sector_share_pct
2501200010393,0393,Centro Histórico,719,0.2362,3044.0,142,95.0,1.4,46,Comercio al por menor,439,61.1
2501200010321,0321,Centro Histórico,489,0.3237,1510.7,162,94.9,1.0,46,Comercio al por menor,175,35.8
2501200010355,0355,Centro Histórico,397,0.4502,881.8,129,94.0,1.5,46,Comercio al por menor,161,40.6
2501200010406,0406,Centro Histórico,334,0.2508,1331.7,130,80.2,4.8,46,Comercio al por menor,66,19.8
2501200010336,0336,Centro Histórico,282,0.3025,932.2,120,95.7,0.7,46,Comercio al por menor,84,29.8
250120001036A,036A,Centro Histórico,214,0.3731,573.6,109,90.2,3.3,46,Comercio al por menor,52,24.3
2501200011495,1495,Centro Histórico,155,0.2959,523.8,75,84.5,5.2,72,Alojamiento temporal y preparación de alimentos y bebidas,40,25.8
2501200010389,0389,Centro Histórico,129,0.4482,287.8,76,76.0,7.8,72,Alojamiento temporal y preparación de alimentos y bebidas,40,31.0
2501200010425,0425,Centro Histórico,113,1.1616,97.3,62,73.5,8.0,72,Alojamiento temporal y preparación de alimentos y bebidas,30,26.5
2501200012192,2192,Cerritos,302,2.5054,120.5,102,75.5,6.6,46,Comercio al por menor,116,38.4
2501200011067,1067,Cerritos,172,7.5431,22.8,51,80.8,8.1,72,Alojamiento temporal y preparación de alimentos y bebidas,48,27.9
2501200013881,3881,Cerritos,22,0.6674,33.0,20,45.5,27.3,72,Alojamiento temporal y preparación de alimentos y bebidas,5,22.7
2501200013966,3966,Cerritos,2,1.1058,1.8,2,50.0,50.0,53,Servicios inmobiliarios y de alquiler,1,50.0
2501200012205,2205,Conchi - Libramiento,230,0.2212,1039.8,90,97.4,0.4,46,Comercio al por menor,89,38.7
2501200011781,1781,Conchi - Libramiento,172,0.5739,299.7,86,91.3,1.2,46,Comercio al por menor,52,30.2
2501200011989,1989,Conchi - Libramiento,136,0.2854,476.5,68,94.9,0.0,46,Comercio al por menor,43,31.6
2501200011404,1404,Conchi - Libramiento,135,0.3423,394.4,68,86.7,4.4,46,Comercio al por menor,63,46.7
2501200012224,2224,Conchi - Libramiento,108,0.2737,394.6,55,96.3,0.0,46,Comercio al por menor,39,36.1
2501200012050,2050,Conchi - Libramiento,104,0.2998,346.9,55,95.2,1.0,46,Comercio al por menor,33,31.7
2501200012879,2879,Conchi - Libramiento,102,0.5245,194.5,63,82.4,7.8,46,Comercio al por menor,24,23.5
2501200012559,2559,Conchi - Libramiento,100,0.3493,286.3,49,97.0,0.0,46,Comercio al por menor,30,30.0
2501200012544,2544,Conchi - Libramiento,98,0.1854,528.6,49,98.0,1.0,46,Comercio al por menor,33,33.7
2501200012633,2633,Conchi - Libramiento,95,0.3285,289.2,62,83.2,3.2,46,Comercio al por menor,31,32.6
250120001221A,221A,Conchi - Libramiento,93,0.3204,290.3,54,87.1,4.3,46,Comercio al por menor,42,45.2
250120001292A,292A,Conchi - Libramiento,93,0.2921,318.4,58,96.8,0.0,46,Comercio al por menor,37,39.8
2501200012169,2169,Conchi - Libramiento,91,0.4461,204.0,48,87.9,2.2,46,Comercio al por menor,30,33.0
2501200012563,2563,Conchi - Libramiento,88,0.247,356.3,51,92.0,1.1,46,Comercio al por menor,26,29.5
2501200011955,1955,Conchi - Libramiento,80,0.3761,212.7,53,85.0,2.5,46,Comercio al por menor,31,38.8
2501200012934,2934,Conchi - Libramiento,79,0.1322,597.6,44,93.7,1.3,46,Comercio al por menor,29,36.7
2501200012084,2084,Conchi - Libramiento,77,0.2493,308.9,37,94.8,2.6,46,Comercio al por menor,25,32.5
2501200011796,1796,Conchi - Libramiento,71,0.1779,399.1,37,100.0,0.0,46,Comercio al por menor,21,29.6
2501200012065,2065,Conchi - Libramiento,68,0.2904,234.2,39,89.7,1.5,46,Comercio al por menor,25,36.8
2501200012101,2101,Conchi - Libramiento,62,0.2271,273.0,44,98.4,0.0,81,Otros servicios excepto gobierno,20,32.3
2501200012597,2597,Conchi - Libramiento,60,0.199,301.5,31,100.0,0.0,46,Comercio al por menor,20,33.3
2501200012703,2703,Conchi - Libramiento,56,0.2068,270.8,36,98.2,0.0,46,Comercio al por menor,17,30.4
2501200010904,0904,Conchi - Libramiento,56,0.0883,634.2,24,94.6,1.8,46,Comercio al por menor,23,41.1
2501200010919,0919,Conchi - Libramiento,46,0.1164,395.2,29,91.3,2.2,46,Comercio al por menor,15,32.6
2501200012099,2099,Conchi - Libramiento,28,0.1985,141.1,15,96.4,0.0,81,Otros servicios excepto gobierno,11,39.3
2501200012417,2417,Conchi - Libramiento,19,0.1976,96.2,14,84.2,10.5,46,Comercio al por menor,6,31.6
2501200013097,3097,Conchi - Libramiento,17,0.164,103.7,14,88.2,5.9,46,Comercio al por menor,8,47.1
2501200012690,2690,Conchi - Libramiento,8,0.0368,217.4,6,87.5,12.5,72,Alojamiento temporal y preparación de alimentos y bebidas,3,37.5
2501200012648,2648,Desarrollos Noroeste,183,0.7461,245.3,79,89.6,3.8,46,Comercio al por menor,57,31.1
2501200013025,3025,Desarrollos Noroeste,138,0.2961,466.1,67,86.2,0.7,46,Comercio al por menor,40,29.0
250120001328A,328A,Desarrollos Noroeste,87,0.3458,251.6,48,95.4,2.3,46,Comercio al por menor,25,28.7
2501200013491,3491,Desarrollos Noroeste,44,0.1928,228.2,28,95.5,2.3,81,Otros servicios excepto gobierno,16,36.4
250120001303A,303A,Desarrollos Noroeste,43,0.1923,223.6,29,95.3,2.3,46,Comercio al por menor,14,32.6
2501200014288,4288,Desarrollos Noroeste,41,0.2262,181.3,25,100.0,0.0,46,Comercio al por menor,14,34.1
2501200013720,3720,Desarrollos Noroeste,41,0.0704,582.4,26,87.8,4.9,46,Comercio al por menor,13,31.7
2501200014042,4042,Desarrollos Noroeste,20,0.0665,300.8,19,95.0,0.0,46,Comercio al por menor,9,45.0
2501200013699,3699,Desarrollos Noroeste,15,0.1068,140.4,15,60.0,6.7,46,Comercio al por menor,4,26.7
2501200010529,0529,Desarrollos Noroeste,10,0.0481,207.9,7,90.0,10.0,81,Otros servicios excepto gobierno,5,50.0
2501200013716,3716,Desarrollos Noroeste,8,0.1905,42.0,8,100.0,0.0,81,Otros servicios excepto gobierno,3,37.5
2501200013504,3504,Desarrollos Noroeste,7,0.044,159.1,7,100.0,0.0,46,Comercio al por menor,4,57.1
2501200014343,4343,Desarrollos Noroeste,5,0.1668,30.0,3,80.0,20.0,81,Otros servicios excepto gobierno,3,60.0
2501200015820,5820,Desarrollos Noroeste,4,0.0384,104.2,3,100.0,0.0,46,Comercio al por menor,2,50.0
2501200010497,0497,Desarrollos Noroeste,4,0.2812,14.2,2,50.0,0.0,81,Otros servicios excepto gobierno,3,75.0
250120001050A,050A,Desarrollos Noroeste,3,0.1206,24.9,1,100.0,0.0,81,Otros servicios excepto gobierno,3,100.0
2501200013294,3294,Desarrollos Noroeste,3,0.1575,19.0,3,100.0,0.0,46,Comercio al por menor,1,33.3
2501200014076,4076,Desarrollos Noroeste,2,0.0999,20.0,1,100.0,0.0,81,Otros servicios excepto gobierno,2,100.0
2501200013701,3701,Desarrollos Noroeste,1,0.0638,15.7,1,100.0,0.0,81,Otros servicios excepto gobierno,1,100.0
2501200013970,3970,Desarrollos Noroeste,1,0.0567,17.6,1,100.0,0.0,81,Otros servicios excepto gobierno,1,100.0
2501200010482,0482,Desarrollos Noroeste,1,0.0947,10.6,1,100.0,0.0,81,Otros servicios excepto gobierno,1,100.0
2501200014216,4216,Desarrollos Noroeste,0,0.1376,0.0,0,,,,,0,0.0
250120001374A,374A,Desarrollos Noroeste,0,0.006,0.0,0,,,,,0,0.0
2501200010463,0463,Desarrollos Noroeste,0,0.2307,0.0,0,,,,,0,0.0
2501200010586,0586,Desarrollos Noroeste,0,0.0381,0.0,0,,,,,0,0.0
2501200014038,4038,Desarrollos Noroeste,0,0.0128,0.0,0,,,,,0,0.0
2501200013487,3487,Desarrollos Noroeste,0,0.0094,0.0,0,,,,,0,0.0
2501200010571,0571,Desarrollos Noroeste,0,0.0753,0.0,0,,,,,0,0.0
2501200014057,4057,Desarrollos Noroeste,0,0.0089,0.0,0,,,,,0,0.0
2501200012031,2031,Expansión Norte,207,0.3265,634.0,72,96.6,0.5,46,Comercio al por menor,68,32.9
250120001214A,214A,Expansión Norte,134,0.2972,450.9,59,94.8,1.5,46,Comercio al por menor,54,40.3
2501200012135,2135,Expansión Norte,129,0.313,412.1,56,95.3,0.8,31-33,Industrias manufactureras,34,26.4
2501200013307,3307,Expansión Norte,114,0.2135,534.0,51,94.7,1.8,46,Comercio al por menor,44,38.6
2501200013449,3449,Expansión Norte,95,0.1972,481.7,44,100.0,0.0,46,Comercio al por menor,35,36.8
2501200012173,2173,Expansión Norte,84,0.1441,582.9,47,100.0,0.0,46,Comercio al por menor,29,34.5
2501200012154,2154,Expansión Norte,83,0.289,287.2,51,96.4,0.0,46,Comercio al por menor,31,37.3
2501200012972,2972,Expansión Norte,82,0.2399,341.8,45,96.3,0.0,46,Comercio al por menor,32,39.0
2501200013114,3114,Expansión Norte,82,0.3036,270.1,41,97.6,0.0,46,Comercio al por menor,22,26.8
2501200012987,2987,Expansión Norte,68,0.191,356.0,35,94.1,2.9,46,Comercio al por menor,27,39.7
2501200012718,2718,Expansión Norte,62,0.2291,270.6,30,100.0,0.0,46,Comercio al por menor,21,33.9
2501200014273,4273,Expansión Norte,62,0.2627,236.0,31,98.4,1.6,46,Comercio al por menor,29,46.8
2501200012991,2991,Expansión Norte,58,0.124,467.7,33,100.0,0.0,46,Comercio al por menor,20,34.5
2501200013561,3561,Expansión Norte,54,0.1962,275.2,33,98.1,0.0,46,Comercio al por menor,25,46.3
2501200013792,3792,Expansión Norte,53,0.1805,293.6,28,96.2,3.8,46,Comercio al por menor,20,37.7
2501200013580,3580,Expansión Norte,51,0.1149,443.9,31,100.0,0.0,46,Comercio al por menor,21,41.2
2501200013538,3538,Expansión Norte,50,0.2656,188.3,23,98.0,0.0,46,Comercio al por menor,18,36.0
2501200012686,2686,Expansión Norte,49,0.2751,178.1,35,98.0,0.0,46,Comercio al por menor,21,42.9
2501200014305,4305,Expansión Norte,48,0.2281,210.4,22,100.0,0.0,46,Comercio al por menor,29,60.4
2501200012811,2811,Expansión Norte,47,0.1167,402.7,26,95.7,2.1,46,Comercio al por menor,19,40.4
2501200012188,2188,Expansión Norte,36,0.2687,134.0,20,97.2,0.0,46,Comercio al por menor,16,44.4
2501200013129,3129,Expansión Norte,35,0.1061,329.9,19,100.0,0.0,46,Comercio al por menor,11,31.4
2501200013453,3453,Expansión Norte,35,0.4133,84.7,25,100.0,0.0,46,Comercio al por menor,14,40.0
2501200013985,3985,Expansión Norte,33,0.1098,300.5,22,100.0,0.0,46,Comercio al por menor,14,42.4
2501200013542,3542,Expansión Norte,32,0.0921,347.4,16,100.0,0.0,46,Comercio al por menor,12,37.5
2501200012807,2807,Expansión Norte,27,0.0629,429.3,18,100.0,0.0,46,Comercio al por menor,10,37.0
2501200013311,3311,Expansión Norte,26,0.1508,172.4,15,100.0,0.0,46,Comercio al por menor,11,42.3
2501200013523,3523,Expansión Norte,25,0.1707,146.5,17,100.0,0.0,46,Comercio al por menor,9,36.0
2501200012667,2667,Expansión Norte,25,0.3004,83.2,14,100.0,0.0,46,Comercio al por menor,8,32.0
2501200010478,0478,Expansión Norte,23,0.2554,90.1,9,100.0,0.0,46,Comercio al por menor,11,47.8
2501200012968,2968,Expansión Norte,20,0.1317,151.9,14,100.0,0.0,46,Comercio al por menor,8,40.0
2501200013684,3684,Expansión Norte,16,0.0482,332.0,12,100.0,0.0,46,Comercio al por menor,5,31.2
2501200013595,3595,Expansión Norte,15,0.1664,90.1,10,93.3,6.7,46,Comercio al por menor,7,46.7
2501200013735,3735,Expansión Norte,11,0.1747,63.0,9,100.0,0.0,46,Comercio al por menor,7,63.6
2501200013063,3063,Expansión Norte,8,0.0467,171.3,6,100.0,0.0,46,Comercio al por menor,4,50.0
2501200013877,3877,Expansión Norte,8,0.0201,398.0,7,100.0,0.0,46,Comercio al por menor,4,50.0
250120001431A,431A,Expansión Norte,7,0.1455,48.1,7,100.0,0.0,46,Comercio al por menor,3,42.9
2501200012239,2239,Expansión Norte,7,0.0161,434.8,5,100.0,0.0,31-33,Industrias manufactureras,2,28.6
2501200013773,3773,Expansión Norte,6,0.2144,28.0,4,100.0,0.0,46,Comercio al por menor,5,83.3
250120001239A,239A,Expansión Norte,6,0.0186,322.6,5,100.0,0.0,31-33,Industrias manufactureras,2,33.3
2501200012582,2582,Expansión Norte,5,0.0156,320.5,5,100.0,0.0,31-33,Industrias manufactureras,3,60.0
2501200013152,3152,Expansión Norte,4,0.0033,1212.1,4,100.0,0.0,46,Comercio al por menor,2,50.0
2501200014201,4201,Expansión Norte,3,0.0175,171.4,3,66.7,0.0,46,Comercio al por menor,2,66.7
2501200014220,4220,Expansión Norte,3,0.0557,53.9,2,100.0,0.0,81,Otros servicios excepto gobierno,2,66.7
2501200012652,2652,Expansión Norte,3,0.0706,42.5,3,100.0,0.0,31-33,Industrias manufactureras,1,33.3
2501200010514,0514,Expansión Norte,3,0.0655,45.8,3,66.7,0.0,46,Comercio al por menor,1,33.3
2501200013557,3557,Expansión Norte,2,0.0289,69.2,2,100.0,0.0,46,Comercio al por menor,2,100.0
2501200013078,3078,Expansión Norte,1,0.0072,138.9,1,0.0,0.0,61,Servicios educativos,1,100.0
2501200014004,4004,Expansión Norte,1,0.0144,69.4,1,100.0,0.0,31-33,Industrias manufactureras,1,100.0
2501200013059,3059,Expansión Norte,1,0.0243,41.2,1,100.0,0.0,31-33,Industrias manufactureras,1,100.0
2501200014095,4095,Expansión Norte,1,0.0063,158.7,1,100.0,0.0,43,Comercio al por mayor,1,100.0
2501200013326,3326,Expansión Norte,1,0.0099,101.0,1,100.0,0.0,81,Otros servicios excepto gobierno,1,100.0
250120001367A,367A,Expansión Norte,1,0.0909,11.0,1,100.0,0.0,81,Otros servicios excepto gobierno,1,100.0
2501200013576,3576,Expansión Norte,1,0.0202,49.5,1,100.0,0.0,81,Otros servicios excepto gobierno,1,100.0
2501200013082,3082,Expansión Norte,0,0.0055,0.0,0,,,,,0,0.0
2501200013788,3788,Expansión Norte,0,0.0064,0.0,0,,,,,0,0.0
2501200014254,4254,Expansión Norte,0,0.0233,0.0,0,,,,,0,0.0
2501200013519,3519,Expansión Norte,0,0.0552,0.0,0,,,,,0,0.0
250120001424A,424A,Expansión Norte,0,0.0055,0.0,0,,,,,0,0.0
2501200013769,3769,Expansión Norte,0,0.0054,0.0,0,,,,,0,0.0
2501200013928,3928,Expansión Norte,0,0.0081,0.0,0,,,,,0,0.0
2501200014023,4023,Expansión Norte,0,0.0293,0.0,0,,,,,0,0.0
2501200014019,4019,Expansión Norte,0,0.0019,0.0,0,,,,,0,0.0
2501200014080,4080,Expansión Norte,0,0.005,0.0,0,,,,,0,0.0
2501200011546,1546,Flores Magón,240,0.2083,1152.2,88,96.2,1.2,46,Comercio al por menor,123,51.2
2501200011550,1550,Flores Magón,159,0.1716,926.6,70,98.1,0.0,46,Comercio al por menor,71,44.7
2501200013133,3133,Flores Magón,130,0.4382,296.7,50,96.9,1.5,46,Comercio al por menor,46,35.4
2501200012722,2722,Flores Magón,121,0.507,238.7,51,97.5,0.8,46,Comercio al por menor,52,43.0
2501200011885,1885,Flores Magón,117,0.2418,483.9,63,93.2,0.9,46,Comercio al por menor,49,41.9
2501200011599,1599,Flores Magón,107,0.2508,426.6,56,96.3,0.0,46,Comercio al por menor,28,26.2
2501200012900,2900,Flores Magón,106,0.491,215.9,44,97.2,2.8,46,Comercio al por menor,47,44.3
2501200012347,2347,Flores Magón,74,0.276,268.1,34,100.0,0.0,46,Comercio al por menor,34,45.9
250120001253A,253A,Flores Magón,65,0.4989,130.3,35,90.8,3.1,46,Comercio al por menor,26,40.0
2501200011620,1620,Flores Magón,64,0.2064,310.1,40,98.4,0.0,46,Comercio al por menor,22,34.4
2501200013148,3148,Flores Magón,50,0.2342,213.5,25,92.0,2.0,46,Comercio al por menor,20,40.0
2501200010891,0891,Flores Magón,48,0.226,212.4,27,95.8,0.0,46,Comercio al por menor,20,41.7
2501200011584,1584,Flores Magón,47,0.3306,142.2,25,100.0,0.0,46,Comercio al por menor,21,44.7
2501200012351,2351,Flores Magón,43,0.4724,91.0,27,88.4,2.3,46,Comercio al por menor,16,37.2
2501200011635,1635,Flores Magón,41,0.2428,168.9,23,97.6,0.0,46,Comercio al por menor,19,46.3
2501200011300,1300,Flores Magón,40,0.1165,343.3,26,100.0,0.0,46,Comercio al por menor,16,40.0
2501200014339,4339,Flores Magón,8,0.1137,70.4,6,100.0,0.0,46,Comercio al por menor,5,62.5
2501200013754,3754,Flores Magón,0,0.004,0.0,0,,,,,0,0.0
2501200013345,3345,Flores Magón,0,0.0059,0.0,0,,,,,0,0.0
2501200011921,1921,Jabalíes - Zapata,169,0.3307,511.0,71,90.5,1.2,46,Comercio al por menor,57,33.7
2501200011673,1673,Jabalíes - Zapata,149,0.7597,196.1,80,86.6,4.0,46,Comercio al por menor,43,28.9
2501200011512,1512,Jabalíes - Zapata,139,0.4467,311.2,78,91.4,2.9,46,Comercio al por menor,46,33.1
2501200011527,1527,Jabalíes - Zapata,136,0.2481,548.2,64,96.3,0.0,46,Comercio al por menor,46,33.8
2501200011692,1692,Jabalíes - Zapata,134,0.2029,660.4,55,99.3,0.0,46,Comercio al por menor,40,29.9
2501200011531,1531,Jabalíes - Zapata,129,0.2583,499.4,58,97.7,0.0,46,Comercio al por menor,47,36.4
2501200012898,2898,Jabalíes - Zapata,90,0.9815,91.7,43,98.9,1.1,46,Comercio al por menor,34,37.8
2501200012883,2883,Jabalíes - Zapata,83,0.2859,290.3,45,94.0,0.0,46,Comercio al por menor,29,34.9
2501200011688,1688,Jabalíes - Zapata,72,0.1432,502.8,33,95.8,0.0,46,Comercio al por menor,27,37.5
2501200010232,0232,Juárez - Villa Galaxia,512,0.2194,2333.6,138,95.5,1.0,46,Comercio al por menor,283,55.3
2501200010228,0228,Juárez - Villa Galaxia,298,0.4154,717.4,134,91.6,2.3,46,Comercio al por menor,83,27.9
2501200010247,0247,Juárez - Villa Galaxia,257,0.1574,1632.8,105,97.7,0.0,46,Comercio al por menor,98,38.1
2501200010092,0092,Juárez - Villa Galaxia,242,0.6711,360.6,111,90.5,3.3,46,Comercio al por menor,68,28.1
2501200010302,0302,Juárez - Villa Galaxia,205,0.2834,723.4,103,85.9,3.9,46,Comercio al por menor,41,20.0
2501200010266,0266,Juárez - Villa Galaxia,191,0.4875,391.8,93,94.2,0.5,46,Comercio al por menor,56,29.3
2501200010938,0938,Juárez - Villa Galaxia,190,0.2545,746.6,77,98.4,0.0,46,Comercio al por menor,66,34.7
2501200011601,1601,Juárez - Villa Galaxia,175,0.1547,1131.2,81,97.1,0.6,81,Otros servicios excepto gobierno,58,33.1
2501200010177,0177,Juárez - Villa Galaxia,168,0.3413,492.2,87,95.2,1.2,46,Comercio al por menor,50,29.8
250120001004A,004A,Juárez - Villa Galaxia,152,0.2302,660.3,63,98.0,1.3,46,Comercio al por menor,42,27.6
2501200010251,0251,Juárez - Villa Galaxia,145,0.1937,748.6,57,98.6,0.0,46,Comercio al por menor,61,42.1
2501200010181,0181,Juárez - Villa Galaxia,129,0.1356,951.3,68,96.9,0.0,46,Comercio al por menor,37,28.7
2501200010317,0317,Juárez - Villa Galaxia,129,0.2684,480.6,56,97.7,0.0,46,Comercio al por menor,46,35.7
2501200012949,2949,Juárez - Villa Galaxia,127,0.3973,319.7,56,98.4,0.0,46,Comercio al por menor,45,35.4
250120001011A,011A,Juárez - Villa Galaxia,126,0.2377,530.1,63,98.4,0.0,46,Comercio al por menor,37,29.4
2501200010069,0069,Juárez - Villa Galaxia,115,0.3729,308.4,62,92.2,2.6,46,Comercio al por menor,35,30.4
2501200011616,1616,Juárez - Villa Galaxia,103,0.1855,555.3,53,98.1,1.0,81,Otros servicios excepto gobierno,33,32.0
2501200010162,0162,Juárez - Villa Galaxia,101,0.1435,703.8,58,93.1,2.0,46,Comercio al por menor,36,35.6
2501200012953,2953,Juárez - Villa Galaxia,97,0.8388,115.6,49,95.9,2.1,81,Otros servicios excepto gobierno,33,34.0
2501200010088,0088,Juárez - Villa Galaxia,88,0.3595,244.8,43,97.7,0.0,46,Comercio al por menor,32,36.4
2501200010124,0124,Juárez - Villa Galaxia,87,0.1165,746.8,49,98.9,0.0,46,Comercio al por menor,31,35.6
2501200010073,0073,Juárez - Villa Galaxia,87,0.1431,608.0,45,95.4,0.0,46,Comercio al por menor,33,37.9
2501200010105,0105,Juárez - Villa Galaxia,85,0.1649,515.5,44,98.8,0.0,46,Comercio al por menor,31,36.5
2501200011245,1245,Juárez - Villa Galaxia,76,0.1691,449.4,43,97.4,0.0,46,Comercio al por menor,31,40.8
2501200010139,0139,Juárez - Villa Galaxia,66,0.0994,664.0,41,98.5,0.0,81,Otros servicios excepto gobierno,21,31.8
2501200011870,1870,Malecón,755,1.3632,553.8,161,83.4,5.8,46,Comercio al por menor,267,35.4
2501200011480,1480,Malecón,454,0.5069,895.6,164,87.7,4.6,46,Comercio al por menor,106,23.3
2501200011866,1866,Malecón,398,0.7733,514.7,147,83.7,8.0,62,Servicios de salud y asistencia social,79,19.8
2501200011758,1758,Malecón,369,0.6283,587.3,132,88.3,5.1,62,Servicios de salud y asistencia social,133,36.0
250120001029A,029A,Malecón,350,0.5153,679.2,141,85.7,4.3,46,Comercio al por menor,68,19.4
2501200010035,0035,Prados - Mateos,327,0.4445,735.7,131,91.4,2.4,46,Comercio al por menor,104,31.8
2501200011739,1739,Prados - Mateos,292,0.6593,442.9,119,85.3,5.8,46,Comercio al por menor,119,40.8
2501200011762,1762,Prados - Mateos,238,0.3282,725.2,109,91.2,0.8,46,Comercio al por menor,65,27.3
2501200010745,0745,Prados - Mateos,235,0.3375,696.3,102,93.2,1.3,46,Comercio al por menor,81,34.5
2501200010054,0054,Prados - Mateos,218,0.2729,798.8,90,97.7,0.5,81,Otros servicios excepto gobierno,65,29.8
2501200011828,1828,Prados - Mateos,215,0.2493,862.4,95,96.3,1.9,46,Comercio al por menor,53,24.7
2501200012629,2629,Prados - Mateos,184,0.2316,794.5,58,92.4,3.3,46,Comercio al por menor,119,64.7
2501200011993,1993,Prados - Mateos,176,0.2976,591.4,78,90.3,1.7,46,Comercio al por menor,47,26.7
250120001342A,342A,Prados - Mateos,157,0.5411,290.1,86,93.0,2.5,46,Comercio al por menor,46,29.3
2501200012830,2830,Prados - Mateos,151,0.3047,495.6,69,99.3,0.0,46,Comercio al por menor,47,31.1
2501200011777,1777,Prados - Mateos,137,0.3304,414.6,71,89.8,5.1,46,Comercio al por menor,36,26.3
2501200011813,1813,Prados - Mateos,135,0.1581,853.9,64,97.0,0.0,46,Comercio al por menor,37,27.4
2501200010976,0976,Prados - Mateos,134,0.3438,389.8,70,92.5,3.0,46,Comercio al por menor,40,29.9
2501200013415,3415,Prados - Mateos,118,0.2727,432.7,68,94.9,2.5,81,Otros servicios excepto gobierno,41,34.7
2501200012046,2046,Prados - Mateos,113,0.3413,331.1,67,92.0,2.7,46,Comercio al por menor,36,31.9
250120001310A,310A,Prados - Mateos,83,0.26,319.2,43,91.6,2.4,46,Comercio al por menor,23,27.7
2501200012864,2864,Prados - Mateos,80,0.1582,505.7,42,92.5,2.5,81,Otros servicios excepto gobierno,24,30.0
2501200012845,2845,Prados - Mateos,72,0.4326,166.4,42,98.6,0.0,46,Comercio al por menor,31,43.1
2501200011809,1809,Prados - Mateos,68,0.1782,381.6,36,97.1,0.0,46,Comercio al por menor,17,25.0
2501200011832,1832,Prados - Mateos,65,0.1262,515.1,39,100.0,0.0,62,Servicios de salud y asistencia social,17,26.2
2501200011724,1724,Prados - Mateos,63,0.1554,405.4,41,95.2,1.6,46,Comercio al por menor,21,33.3
250120001399A,399A,Prados - Mateos,59,1.1655,50.6,47,83.1,1.7,46,Comercio al por menor,14,23.7
250120001285A,285A,Prados - Mateos,55,0.2455,224.0,31,96.4,0.0,46,Comercio al por menor,17,30.9
2501200012012,2012,Prados - Mateos,50,0.6731,74.3,27,98.0,0.0,81,Otros servicios excepto gobierno,18,36.0
2501200011940,1940,Prados - Mateos,46,0.0657,700.2,30,95.7,0.0,46,Comercio al por menor,20,43.5
2501200011743,1743,Prados - Mateos,33,0.1851,178.3,24,90.9,3.0,46,Comercio al por menor,13,39.4
2501200013044,3044,Prados - Mateos,5,0.0361,138.5,4,100.0,0.0,81,Otros servicios excepto gobierno,3,60.0
2501200011669,1669,Puerto - Industria,261,1.0372,251.6,77,78.2,9.6,46,Comercio al por menor,65,24.9
2501200010340,0340,Puerto - Industria,247,0.4739,521.2,94,88.7,6.1,46,Comercio al por menor,57,23.1
2501200010374,0374,Puerto - Industria,203,0.2879,705.1,83,92.1,2.5,46,Comercio al por menor,60,29.6
2501200011508,1508,Puerto - Industria,190,0.6411,296.4,79,88.4,4.7,46,Comercio al por menor,89,46.8
2501200011902,1902,Puerto - Industria,172,0.3516,489.2,74,96.5,0.0,46,Comercio al por menor,70,40.7
250120001164A,164A,Puerto - Industria,169,0.3422,493.9,79,95.9,1.8,46,Comercio al por menor,57,33.7
2501200011654,1654,Puerto - Industria,127,0.34,373.5,75,86.6,4.7,46,Comercio al por menor,41,32.3
2501200010533,0533,Puerto - Industria,115,0.2562,448.9,48,98.3,0.9,46,Comercio al por menor,40,34.8
2501200010548,0548,Puerto - Industria,107,0.2781,384.8,47,99.1,0.0,46,Comercio al por menor,47,43.9
2501200010196,0196,Puerto - Industria,96,0.3577,268.4,50,93.8,3.1,46,Comercio al por menor,43,44.8
250120001171A,171A,Puerto - Industria,92,0.1768,520.4,37,100.0,0.0,46,Comercio al por menor,31,33.7
2501200011917,1917,Puerto - Industria,66,0.3886,169.8,45,78.8,12.1,46,Comercio al por menor,15,22.7
250120001189A,189A,Puerto - Industria,59,0.5954,99.1,31,88.1,6.8,46,Comercio al por menor,15,25.4
2501200011705,1705,Puerto - Industria,57,0.2015,282.9,29,94.7,0.0,46,Comercio al por menor,20,35.1
2501200010552,0552,Puerto - Industria,52,0.1338,388.6,28,94.2,0.0,46,Comercio al por menor,25,48.1
2501200012281,2281,Puerto - Industria,51,0.1437,354.9,26,94.1,0.0,46,Comercio al por menor,21,41.2
2501200012313,2313,Puerto - Industria,38,0.5328,71.3,22,73.7,13.2,46,Comercio al por menor,9,23.7
2501200010567,0567,Puerto - Industria,29,0.186,155.9,12,100.0,0.0,46,Comercio al por menor,16,55.2
2501200012027,2027,Puerto - Industria,29,0.2109,137.5,19,96.6,3.4,46,Comercio al por menor,11,37.9
2501200011353,1353,Puerto - Industria,25,0.128,195.3,13,100.0,0.0,46,Comercio al por menor,11,44.0
2501200010849,0849,Puerto - Industria,8,1.4269,5.6,8,50.0,25.0,22,"Energía eléctrica, agua y gas",3,37.5
250120001043A,043A,Puerto - Industria,3,0.0974,30.8,2,100.0,0.0,46,Comercio al por menor,3,100.0
2501200012296,2296,Puerto - Industria,3,0.0643,46.7,2,100.0,0.0,52,Servicios financieros y de seguros,2,66.7
2501200012309,2309,Puerto - Industria,0,0.0497,0.0,0,,,,,0,0.0
2501200011936,1936,Urías,113,0.622,181.7,66,85.0,8.0,46,Comercio al por menor,46,40.7
2501200011565,1565,Urías,99,0.6527,151.7,57,85.9,3.0,46,Comercio al por menor,27,27.3
2501200013218,3218,Urías,99,0.2962,334.2,43,97.0,0.0,46,Comercio al por menor,49,49.5
2501200012421,2421,Urías,88,0.2956,297.7,45,94.3,2.3,46,Comercio al por menor,37,42.0
2501200012436,2436,Urías,85,0.3122,272.3,43,98.8,0.0,46,Comercio al por menor,31,36.5
2501200011851,1851,Urías,77,0.7986,96.4,41,92.2,2.6,46,Comercio al por menor,27,35.1
2501200011391,1391,Urías,57,0.2872,198.5,27,98.2,0.0,46,Comercio al por menor,20,35.1
250120001335A,335A,Urías,32,0.1317,243.0,14,100.0,0.0,46,Comercio al por menor,19,59.4
2501200013222,3222,Urías,30,0.1308,229.4,19,100.0,0.0,81,Otros servicios excepto gobierno,11,36.7
2501200013631,3631,Urías,27,0.1534,176.0,14,100.0,0.0,46,Comercio al por menor,10,37.0
2501200012262,2262,Urías,22,0.0829,265.4,16,95.5,0.0,46,Comercio al por menor,8,36.4
2501200012737,2737,Urías,18,0.1212,148.5,11,100.0,0.0,46,Comercio al por menor,9,50.0
2501200013627,3627,Urías,17,0.0347,489.9,6,100.0,0.0,46,Comercio al por menor,9,52.9
2501200013171,3171,Urías,16,0.0826,193.7,10,100.0,0.0,46,Comercio al por menor,8,50.0
2501200013379,3379,Urías,14,0.109,128.4,10,100.0,0.0,46,Comercio al por menor,5,35.7
2501200013186,3186,Urías,12,0.1249,96.1,7,91.7,0.0,46,Comercio al por menor,7,58.3
2501200014269,4269,Urías,11,0.0898,122.5,5,100.0,0.0,46,Comercio al por menor,7,63.6
2501200012277,2277,Urías,11,0.0472,233.1,8,90.9,0.0,72,Alojamiento temporal y preparación de alimentos y bebidas,6,54.5
2501200014292,4292,Urías,11,0.0624,176.3,7,100.0,0.0,81,Otros servicios excepto gobierno,5,45.5
2501200013650,3650,Urías,10,0.0178,561.8,6,100.0,0.0,46,Comercio al por menor,5,50.0
2501200012258,2258,Urías,10,0.024,416.7,8,90.0,0.0,81,Otros servicios excepto gobierno,6,60.0
2501200013858,3858,Urías,10,0.0971,103.0,4,90.0,10.0,46,Comercio al por menor,7,70.0
2501200013190,3190,Urías,6,0.0218,275.2,5,100.0,0.0,46,Comercio al por menor,3,50.0
2501200013805,3805,Urías,5,0.1522,32.9,4,40.0,20.0,61,Servicios educativos,2,40.0
2501200014127,4127,Urías,5,0.0182,274.7,4,100.0,0.0,72,Alojamiento temporal y preparación de alimentos y bebidas,3,60.0
2501200014165,4165,Urías,5,0.0552,90.6,4,100.0,0.0,46,Comercio al por menor,2,40.0
2501200013383,3383,Urías,4,0.0562,71.2,4,75.0,0.0,81,Otros servicios excepto gobierno,2,50.0
2501200012440,2440,Urías,4,0.0549,72.9,4,100.0,0.0,31-33,Industrias manufactureras,1,25.0
2501200013862,3862,Urías,3,0.0382,78.5,2,100.0,0.0,46,Comercio al por menor,2,66.7
2501200013646,3646,Urías,3,0.0121,247.9,3,100.0,0.0,31-33,Industrias manufactureras,1,33.3
2501200013665,3665,Urías,2,0.0098,204.1,2,100.0,0.0,46,Comercio al por menor,1,50.0
2501200013612,3612,Urías,2,0.0489,40.9,2,100.0,0.0,46,Comercio al por menor,1,50.0
2501200012578,2578,Urías,1,0.0035,285.7,1,100.0,0.0,46,Comercio al por menor,1,100.0
2501200014146,4146,Urías,1,0.0228,43.9,1,0.0,0.0,46,Comercio al por menor,1,100.0
2501200014131,4131,Urías,0,0.0025,0.0,0,,,,,0,0.0
2501200013398,3398,Urías,0,0.0093,0.0,0,,,,,0,0.0
2501200014150,4150,Urías,0,0.0085,0.0,0,,,,,0,0.0
2501200013608,3608,Urías,0,0.0394,0.0,0,,,,,0,0.0
2501200013843,3843,Urías,0,0.0045,0.0,0,,,,,0,0.0
2501200013824,3824,Urías,0,0.0093,0.0,0,,,,,0,0.0
2501200013839,3839,Urías,0,0.004,0.0,0,,,,,0,0.0
2501200013932,3932,Urías,0,0.0211,0.0,0,,,,,0,0.0
250120001381A,381A,Urías,0,0.0101,0.0,0,,,,,0,0.0
2501200013364,3364,Urías,0,0.0113,0.0,0,,,,,0,0.0
2501200013896,3896,Urías,0,0.0061,0.0,0,,,,,0,0.0
2501200011461,1461,Zona Dorada,385,0.6857,561.5,137,75.8,6.5,46,Comercio al por menor,108,28.1
2501200011457,1457,Zona Dorada,348,0.6031,577.0,95,86.2,2.9,46,Comercio al por menor,121,34.8
250120001075A,075A,Zona Dorada,257,1.4338,179.2,76,78.6,9.7,72,Alojamiento temporal y preparación de alimentos y bebidas,87,33.9
2501200013275,3275,Zona Dorada,251,1.605,156.4,107,88.0,3.6,62,Servicios de salud y asistencia social,71,28.3
2501200012506,2506,Zona Dorada,170,0.977,174.0,65,81.8,5.9,46,Comercio al por menor,80,47.1
2501200012510,2510,Zona Dorada,149,1.0479,142.2,86,85.9,3.4,46,Comercio al por menor,48,32.2
250120001260A,260A,Zona Dorada,0,0.0732,0.0,0,,,,,0,0.0
